标识·代码,标识·名称,标识·锚定日t,输入·期限h(交易日),输入·当日收盘(元),输入·当日涨跌%,输入·近3日涨跌%,输入·近6日涨跌%,输入·近10日涨跌%,输入·相对20日线偏离%,输入·量比,输入·换手率%,输入·市盈率TTM,输入·市净率,输入·市销率TTM,输出·y1方向(+1涨/-1跌),输出·y2最低涨跌%,输出·y3中位涨跌%,输出·y4平均涨跌%,输出·y5最高涨跌%,输出·y2最低(元),输出·y3中位(元),输出·y4平均(元),输出·y5最高(元),输出·参考第h天收盘(元)
600519,贵州茅台,2026-01-29,1,1437.72,8.61,7.133,6.414,3.516,3.757,2.91,1.51,19.999,7.004,9.896,-1,-2.554,-2.554,-2.554,-2.554,1401.0,1401.0,1401.0,1401.0,1401.0
600519,贵州茅台,2026-01-29,2,1437.72,8.61,7.133,6.414,3.516,3.757,2.91,1.51,19.999,7.004,9.896,-1,-2.554,-1.65,-1.65,-0.746,1401.0,1414.0,1414.0,1427.0,1427.0
600519,贵州茅台,2026-01-29,3,1437.72,8.61,7.133,6.414,3.516,3.757,2.91,1.51,19.999,7.004,9.896,1,-2.554,-0.746,-0.237,2.587,1401.0,1427.0,1434.307,1474.92,1474.92
600519,贵州茅台,2026-01-29,5,1437.72,8.61,7.133,6.414,3.516,3.757,2.91,1.51,19.999,7.004,9.896,1,-2.554,2.587,2.703,8.157,1401.0,1474.92,1476.584,1555.0,1555.0
600519,贵州茅台,2026-01-29,10,1437.72,8.61,7.133,6.414,3.516,3.757,2.91,1.51,19.999,7.004,9.896,1,-2.554,4.649,3.766,8.157,1401.0,1504.565,1491.862,1555.0,1486.6
600519,贵州茅台,2026-01-29,21,1437.72,8.61,7.133,6.414,3.516,3.757,2.91,1.51,19.999,7.004,9.896,-1,-2.832,2.023,1.845,8.157,1397.0,1466.8,1464.244,1555.0,1397.0
600519,贵州茅台,2026-01-29,32,1437.72,8.61,7.133,6.414,3.516,3.757,2.91,1.51,19.999,7.004,9.896,-1,-3.18,1.129,1.036,8.157,1392.0,1453.945,1452.622,1555.0,1407.33
600519,贵州茅台,2026-01-29,42,1437.72,8.61,7.133,6.414,3.516,3.757,2.91,1.51,19.999,7.004,9.896,1,-3.18,0.954,0.797,8.157,1392.0,1451.435,1449.184,1555.0,1465.02
600519,贵州茅台,2026-01-30,1,1401.0,-2.55,4.318,4.548,1.375,1.02,1.04,0.75,19.488,6.825,9.644,1,1.856,1.856,1.856,1.856,1427.0,1427.0,1427.0,1427.0,1427.0
600519,贵州茅台,2026-01-30,2,1401.0,-2.55,4.318,4.548,1.375,1.02,1.04,0.75,19.488,6.825,9.644,1,1.856,3.566,3.566,5.276,1427.0,1450.96,1450.96,1474.92,1474.92
600519,贵州茅台,2026-01-30,3,1401.0,-2.55,4.318,4.548,1.375,1.02,1.04,0.75,19.488,6.825,9.644,1,1.856,5.276,5.328,8.851,1427.0,1474.92,1475.64,1525.0,1525.0
600519,贵州茅台,2026-01-30,5,1401.0,-2.55,4.318,4.548,1.375,1.02,1.04,0.75,19.488,6.825,9.644,1,1.856,8.138,7.023,10.992,1427.0,1515.01,1499.386,1555.0,1515.01
600519,贵州茅台,2026-01-30,10,1401.0,-2.55,4.318,4.548,1.375,1.02,1.04,0.75,19.488,6.825,9.644,1,1.856,7.392,7.087,10.992,1427.0,1504.565,1500.292,1555.0,1485.3
600519,贵州茅台,2026-01-30,21,1401.0,-2.55,4.318,4.548,1.375,1.02,1.04,0.75,19.488,6.825,9.644,1,-0.286,4.697,4.517,10.992,1397.0,1466.8,1464.286,1555.0,1401.88
600519,贵州茅台,2026-01-30,32,1401.0,-2.55,4.318,4.548,1.375,1.02,1.04,0.75,19.488,6.825,9.644,1,-0.642,3.779,3.705,10.992,1392.0,1453.945,1452.912,1555.0,1410.27
600519,贵州茅台,2026-01-30,42,1401.0,-2.55,4.318,4.548,1.375,1.02,1.04,0.75,19.488,6.825,9.644,1,-0.642,3.779,3.54,10.992,1392.0,1453.945,1450.6,1555.0,1460.49
600519,贵州茅台,2026-02-02,1,1427.0,1.86,7.805,6.731,3.706,2.891,0.88,0.68,19.849,6.951,9.823,1,3.358,3.358,3.358,3.358,1474.92,1474.92,1474.92,1474.92,1474.92
600519,贵州茅台,2026-02-02,2,1427.0,1.86,7.805,6.731,3.706,2.891,0.88,0.68,19.849,6.951,9.823,1,3.358,5.113,5.113,6.868,1474.92,1499.96,1499.96,1525.0,1525.0
600519,贵州茅台,2026-02-02,3,1427.0,1.86,7.805,6.731,3.706,2.891,0.88,0.68,19.849,6.951,9.823,1,3.358,6.868,6.399,8.97,1474.92,1525.0,1518.307,1555.0,1555.0
600519,贵州茅台,2026-02-02,5,1427.0,1.86,7.805,6.731,3.706,2.891,0.88,0.68,19.849,6.951,9.823,1,3.358,6.865,6.446,8.97,1474.92,1524.96,1518.978,1555.0,1524.96
600519,贵州茅台,2026-02-02,10,1427.0,1.86,7.805,6.731,3.706,2.891,0.88,0.68,19.849,6.951,9.823,1,2.789,5.436,5.415,8.97,1466.8,1504.565,1504.272,1555.0,1466.8
600519,贵州茅台,2026-02-02,21,1427.0,1.86,7.805,6.731,3.706,2.891,0.88,0.68,19.849,6.951,9.823,-1,-2.102,2.789,2.523,8.97,1397.0,1466.8,1463.0,1555.0,1400.0
600519,贵州茅台,2026-02-02,32,1427.0,1.86,7.805,6.731,3.706,2.891,0.88,0.68,19.849,6.951,9.823,-1,-2.453,1.888,1.759,8.97,1392.0,1453.945,1452.105,1555.0,1401.18
600519,贵州茅台,2026-02-02,42,1427.0,1.86,7.805,6.731,3.706,2.891,0.88,0.68,19.849,6.951,9.823,1,-2.453,1.926,1.699,8.97,1392.0,1454.49,1451.242,1555.0,1453.96
000858,五 粮 液,2026-01-29,1,110.77,10.0,8.237,7.492,4.411,4.916,4.09,2.54,15.122,3.017,5.23,-1,-5.209,-5.209,-5.209,-5.209,105.0,105.0,105.0,105.0,105.0
000858,五 粮 液,2026-01-29,2,110.77,10.0,8.237,7.492,4.411,4.916,4.09,2.54,15.122,3.017,5.23,-1,-5.209,-4.175,-4.175,-3.142,105.0,106.145,106.145,107.29,107.29
000858,五 粮 液,2026-01-29,3,110.77,10.0,8.237,7.492,4.411,4.916,4.09,2.54,15.122,3.017,5.23,-1,-5.209,-3.151,-3.834,-3.142,105.0,107.28,106.523,107.29,107.28
000858,五 粮 液,2026-01-29,5,110.77,10.0,8.237,7.492,4.411,4.916,4.09,2.54,15.122,3.017,5.23,-1,-5.209,-3.142,-3.046,-1.697,105.0,107.29,107.396,108.89,108.89
000858,五 粮 液,2026-01-29,10,110.77,10.0,8.237,7.492,4.411,4.916,4.09,2.54,15.122,3.017,5.23,-1,-5.552,-3.277,-3.539,-1.697,104.62,107.14,106.85,108.89,104.62
000858,五 粮 液,2026-01-29,21,110.77,10.0,8.237,7.492,4.411,4.916,4.09,2.54,15.122,3.017,5.23,-1,-8.802,-5.065,-5.21,-1.697,101.02,105.16,104.999,108.89,101.52
000858,五 粮 液,2026-01-29,32,110.77,10.0,8.237,7.492,4.411,4.916,4.09,2.54,15.122,3.017,5.23,-1,-9.515,-6.143,-5.943,-1.697,100.23,103.965,104.187,108.89,101.34
000858,五 粮 液,2026-01-29,42,110.77,10.0,8.237,7.492,4.411,4.916,4.09,2.54,15.122,3.017,5.23,-1,-9.515,-6.468,-6.127,-1.697,100.23,103.605,103.983,108.89,104.19
000858,五 粮 液,2026-01-30,1,105.0,-5.21,3.94,2.18,-0.152,-0.502,1.67,1.72,14.334,2.86,4.958,1,2.181,2.181,2.181,2.181,107.29,107.29,107.29,107.29,107.29
000858,五 粮 液,2026-01-30,2,105.0,-5.21,3.94,2.18,-0.152,-0.502,1.67,1.72,14.334,2.86,4.958,1,2.171,2.176,2.176,2.181,107.28,107.285,107.285,107.29,107.28
000858,五 粮 液,2026-01-30,3,105.0,-5.21,3.94,2.18,-0.152,-0.502,1.67,1.72,14.334,2.86,4.958,1,2.171,2.181,2.568,3.352,107.28,107.29,107.697,108.52,108.52
000858,五 粮 液,2026-01-30,5,105.0,-5.21,3.94,2.18,-0.152,-0.502,1.67,1.72,14.334,2.86,4.958,1,1.905,2.181,2.663,3.705,107.0,107.29,107.796,108.89,107.0
000858,五 粮 液,2026-01-30,10,105.0,-5.21,3.94,2.18,-0.152,-0.502,1.67,1.72,14.334,2.86,4.958,1,-0.362,2.038,1.863,3.705,104.62,107.14,106.956,108.89,106.06
000858,五 粮 液,2026-01-30,21,105.0,-5.21,3.94,2.18,-0.152,-0.502,1.67,1.72,14.334,2.86,4.958,-1,-3.79,0.152,-0.135,3.705,101.02,105.16,104.859,108.89,102.05
000858,五 粮 液,2026-01-30,32,105.0,-5.21,3.94,2.18,-0.152,-0.502,1.67,1.72,14.334,2.86,4.958,-1,-4.543,-1.143,-0.85,3.705,100.23,103.8,104.107,108.89,102.45
000858,五 粮 液,2026-01-30,42,105.0,-5.21,3.94,2.18,-0.152,-0.502,1.67,1.72,14.334,2.86,4.958,-1,-4.543,-1.452,-1.023,3.705,100.23,103.475,103.925,108.89,102.6
000858,五 粮 液,2026-02-02,1,107.29,2.18,6.544,4.175,2.621,1.697,1.08,1.37,14.647,2.923,5.066,-1,-0.009,-0.009,-0.009,-0.009,107.28,107.28,107.28,107.28,107.28
000858,五 粮 液,2026-02-02,2,107.29,2.18,6.544,4.175,2.621,1.697,1.08,1.37,14.647,2.923,5.066,1,-0.009,0.569,0.569,1.146,107.28,107.9,107.9,108.52,108.52
000858,五 粮 液,2026-02-02,3,107.29,2.18,6.544,4.175,2.621,1.697,1.08,1.37,14.647,2.923,5.066,1,-0.009,1.146,0.876,1.491,107.28,108.52,108.23,108.89,108.89
000858,五 粮 液,2026-02-02,5,107.29,2.18,6.544,4.175,2.621,1.697,1.08,1.37,14.647,2.923,5.066,1,-0.27,0.065,0.485,1.491,107.0,107.36,107.81,108.89,107.36
000858,五 粮 液,2026-02-02,10,107.29,2.18,6.544,4.175,2.621,1.697,1.08,1.37,14.647,2.923,5.066,-1,-2.489,-0.503,-0.51,1.491,104.62,106.75,106.743,108.89,105.16
000858,五 粮 液,2026-02-02,21,107.29,2.18,6.544,4.175,2.621,1.697,1.08,1.37,14.647,2.923,5.066,-1,-5.844,-2.489,-2.493,1.491,101.02,104.62,104.615,108.89,102.18
000858,五 粮 液,2026-02-02,32,107.29,2.18,6.544,4.175,2.621,1.697,1.08,1.37,14.647,2.923,5.066,-1,-6.58,-3.56,-3.142,1.491,100.23,103.47,103.919,108.89,101.28
000858,五 粮 液,2026-02-02,42,107.29,2.18,6.544,4.175,2.621,1.697,1.08,1.37,14.647,2.923,5.066,-1,-6.58,-3.658,-3.252,1.491,100.23,103.365,103.801,108.89,102.07
601318,中国平安,2026-01-29,1,68.0,5.02,6.018,3.265,0.875,0.443,1.71,2.59,8.778,1.248,1.133,-1,-1.838,-1.838,-1.838,-1.838,66.75,66.75,66.75,66.75,66.75
601318,中国平安,2026-01-29,2,68.0,5.02,6.018,3.265,0.875,0.443,1.71,2.59,8.778,1.248,1.133,-1,-2.912,-2.375,-2.375,-1.838,66.02,66.385,66.385,66.75,66.02
601318,中国平安,2026-01-29,3,68.0,5.02,6.018,3.265,0.875,0.443,1.71,2.59,8.778,1.248,1.133,-1,-2.912,-2.088,-2.279,-1.838,66.02,66.58,66.45,66.75,66.58
601318,中国平安,2026-01-29,5,68.0,5.02,6.018,3.265,0.875,0.443,1.71,2.59,8.778,1.248,1.133,-1,-2.912,-1.838,-1.735,-0.882,66.02,66.75,66.82,67.4,67.35
601318,中国平安,2026-01-29,10,68.0,5.02,6.018,3.265,0.875,0.443,1.71,2.59,8.778,1.248,1.133,-1,-2.912,-1.287,-1.187,1.029,66.02,67.125,67.193,68.7,66.54
601318,中国平安,2026-01-29,21,68.0,5.02,6.018,3.265,0.875,0.443,1.71,2.59,8.778,1.248,1.133,-1,-9.706,-3.985,-4.326,1.029,61.4,65.29,65.058,68.7,61.4
601318,中国平安,2026-01-29,32,68.0,5.02,6.018,3.265,0.875,0.443,1.71,2.59,8.778,1.248,1.133,-1,-15.485,-7.912,-6.534,1.029,57.47,62.62,63.557,68.7,58.12
601318,中国平安,2026-01-29,42,68.0,5.02,6.018,3.265,0.875,0.443,1.71,2.59,8.778,1.248,1.133,-1,-17.162,-8.846,-8.673,1.029,56.33,61.985,62.102,68.7,59.45
601318,中国平安,2026-01-30,1,66.75,-1.84,2.205,3.009,0.633,-1.287,0.83,1.5,8.616,1.225,1.112,-1,-1.094,-1.094,-1.094,-1.094,66.02,66.02,66.02,66.02,66.02
601318,中国平安,2026-01-30,2,66.75,-1.84,2.205,3.009,0.633,-1.287,0.83,1.5,8.616,1.225,1.112,-1,-1.094,-0.674,-0.674,-0.255,66.02,66.3,66.3,66.58,66.58
601318,中国平安,2026-01-30,3,66.75,-1.84,2.205,3.009,0.633,-1.287,0.83,1.5,8.616,1.225,1.112,1,-1.094,-0.255,-0.125,0.974,66.02,66.58,66.667,67.4,67.4
601318,中国平安,2026-01-30,5,66.75,-1.84,2.205,3.009,0.633,-1.287,0.83,1.5,8.616,1.225,1.112,1,-1.094,0.225,0.15,0.974,66.02,66.9,66.85,67.4,66.9
601318,中国平安,2026-01-30,10,66.75,-1.84,2.205,3.009,0.633,-1.287,0.83,1.5,8.616,1.225,1.112,-1,-2.187,0.562,0.445,2.921,65.29,67.125,67.047,68.7,65.29
601318,中国平安,2026-01-30,21,66.75,-1.84,2.205,3.009,0.633,-1.287,0.83,1.5,8.616,1.225,1.112,-1,-8.015,-2.547,-2.867,2.921,61.4,65.05,64.836,68.7,62.09
601318,中国平安,2026-01-30,32,66.75,-1.84,2.205,3.009,0.633,-1.287,0.83,1.5,8.616,1.225,1.112,-1,-13.903,-6.277,-5.156,2.921,57.47,62.56,63.308,68.7,58.79
601318,中国平安,2026-01-30,42,66.75,-1.84,2.205,3.009,0.633,-1.287,0.83,1.5,8.616,1.225,1.112,-1,-15.61,-7.318,-7.248,2.921,56.33,61.865,61.912,68.7,58.74
601318,中国平安,2026-02-02,1,66.02,-1.09,1.961,3.318,-0.422,-1.902,0.69,1.27,8.522,1.212,1.1,1,0.848,0.848,0.848,0.848,66.58,66.58,66.58,66.58,66.58
601318,中国平安,2026-02-02,2,66.02,-1.09,1.961,3.318,-0.422,-1.902,0.69,1.27,8.522,1.212,1.1,1,0.848,1.469,1.469,2.09,66.58,66.99,66.99,67.4,67.4
601318,中国平安,2026-02-02,3,66.02,-1.09,1.961,3.318,-0.422,-1.902,0.69,1.27,8.522,1.212,1.1,1,0.848,2.015,1.651,2.09,66.58,67.35,67.11,67.4,67.35
601318,中国平安,2026-02-02,5,66.02,-1.09,1.961,3.318,-0.422,-1.902,0.69,1.27,8.522,1.212,1.1,1,0.848,2.015,2.069,4.059,66.58,67.35,67.386,68.7,68.7
601318,中国平安,2026-02-02,10,66.02,-1.09,1.961,3.318,-0.422,-1.902,0.69,1.27,8.522,1.212,1.1,-1,-2.302,1.674,1.325,4.059,64.5,67.125,66.895,68.7,64.5
601318,中国平安,2026-02-02,21,66.02,-1.09,1.961,3.318,-0.422,-1.902,0.69,1.27,8.522,1.212,1.1,-1,-6.998,-2.302,-2.043,4.059,61.4,64.5,64.671,68.7,62.55
601318,中国平安,2026-02-02,32,66.02,-1.09,1.961,3.318,-0.422,-1.902,0.69,1.27,8.522,1.212,1.1,-1,-13.965,-5.407,-4.544,4.059,56.8,62.45,63.02,68.7,56.8
601318,中国平安,2026-02-02,42,66.02,-1.09,1.961,3.318,-0.422,-1.902,0.69,1.27,8.522,1.212,1.1,-1,-14.677,-6.369,-6.483,4.059,56.33,61.815,61.74,68.7,58.82
600036,招商银行,2026-01-29,1,38.53,1.93,1.341,0.758,-1.458,-1.984,1.05,0.97,6.47,0.892,2.879,1,0.363,0.363,0.363,0.363,38.67,38.67,38.67,38.67,38.67
600036,招商银行,2026-01-29,2,38.53,1.93,1.341,0.758,-1.458,-1.984,1.05,0.97,6.47,0.892,2.879,-1,-0.208,0.078,0.078,0.363,38.45,38.56,38.56,38.67,38.45
600036,招商银行,2026-01-29,3,38.53,1.93,1.341,0.758,-1.458,-1.984,1.05,0.97,6.47,0.892,2.879,-1,-0.597,-0.208,-0.147,0.363,38.3,38.45,38.473,38.67,38.3
600036,招商银行,2026-01-29,5,38.53,1.93,1.341,0.758,-1.458,-1.984,1.05,0.97,6.47,0.892,2.879,1,-0.597,0.363,0.773,3.063,38.3,38.67,38.828,39.71,39.71
600036,招商银行,2026-01-29,10,38.53,1.93,1.341,0.758,-1.458,-1.984,1.05,0.97,6.47,0.892,2.879,1,-0.597,1.674,1.466,3.063,38.3,39.175,39.095,39.71,38.99
600036,招商银行,2026-01-29,21,38.53,1.93,1.341,0.758,-1.458,-1.984,1.05,0.97,6.47,0.892,2.879,1,-0.597,1.064,1.148,3.063,38.3,38.94,38.972,39.71,38.79
600036,招商银行,2026-01-29,32,38.53,1.93,1.341,0.758,-1.458,-1.984,1.05,0.97,6.47,0.892,2.879,1,-0.597,1.713,1.69,4.127,38.3,39.19,39.181,40.12,39.25
600036,招商银行,2026-01-29,42,38.53,1.93,1.341,0.758,-1.458,-1.984,1.05,0.97,6.47,0.892,2.879,1,-0.597,1.972,1.866,4.127,38.3,39.29,39.249,40.12,39.62
600036,招商银行,2026-01-30,1,38.67,0.36,1.496,2.166,-0.129,-1.327,0.86,0.81,6.494,0.895,2.889,-1,-0.569,-0.569,-0.569,-0.569,38.45,38.45,38.45,38.45,38.45
600036,招商银行,2026-01-30,2,38.67,0.36,1.496,2.166,-0.129,-1.327,0.86,0.81,6.494,0.895,2.889,-1,-0.957,-0.763,-0.763,-0.569,38.3,38.375,38.375,38.45,38.3
600036,招商银行,2026-01-30,3,38.67,0.36,1.496,2.166,-0.129,-1.327,0.86,0.81,6.494,0.895,2.889,1,-0.957,-0.569,-0.215,0.879,38.3,38.45,38.587,39.01,39.01
600036,招商银行,2026-01-30,5,38.67,0.36,1.496,2.166,-0.129,-1.327,0.86,0.81,6.494,0.895,2.889,1,-0.957,0.879,0.89,2.689,38.3,39.01,39.014,39.71,39.6
600036,招商银行,2026-01-30,10,38.67,0.36,1.496,2.166,-0.129,-1.327,0.86,0.81,6.494,0.895,2.889,1,-0.957,1.306,1.109,2.689,38.3,39.175,39.099,39.71,38.71
600036,招商银行,2026-01-30,21,38.67,0.36,1.496,2.166,-0.129,-1.327,0.86,0.81,6.494,0.895,2.889,1,-0.957,0.828,0.85,2.689,38.3,38.99,38.999,39.71,39.22
600036,招商银行,2026-01-30,32,38.67,0.36,1.496,2.166,-0.129,-1.327,0.86,0.81,6.494,0.895,2.889,1,-0.957,1.396,1.37,3.75,38.3,39.21,39.2,40.12,39.26
600036,招商银行,2026-01-30,42,38.67,0.36,1.496,2.166,-0.129,-1.327,0.86,0.81,6.494,0.895,2.889,1,-0.957,1.603,1.533,3.75,38.3,39.29,39.263,40.12,39.26
600036,招商银行,2026-02-02,1,38.45,-0.57,1.72,2.533,-0.259,-1.536,0.73,0.67,6.457,0.89,2.873,-1,-0.39,-0.39,-0.39,-0.39,38.3,38.3,38.3,38.3,38.3
600036,招商银行,2026-02-02,2,38.45,-0.57,1.72,2.533,-0.259,-1.536,0.73,0.67,6.457,0.89,2.873,1,-0.39,0.533,0.533,1.456,38.3,38.655,38.655,39.01,39.01
600036,招商银行,2026-02-02,3,38.45,-0.57,1.72,2.533,-0.259,-1.536,0.73,0.67,6.457,0.89,2.873,1,-0.39,1.456,1.448,3.277,38.3,39.01,39.007,39.71,39.71
600036,招商银行,2026-02-02,5,38.45,-0.57,1.72,2.533,-0.259,-1.536,0.73,0.67,6.457,0.89,2.873,1,-0.39,2.679,2.003,3.277,38.3,39.48,39.22,39.71,39.48
600036,招商银行,2026-02-02,10,38.45,-0.57,1.72,2.533,-0.259,-1.536,0.73,0.67,6.457,0.89,2.873,1,-0.39,1.886,1.815,3.277,38.3,39.175,39.148,39.71,38.94
600036,招商银行,2026-02-02,21,38.45,-0.57,1.72,2.533,-0.259,-1.536,0.73,0.67,6.457,0.89,2.873,1,-0.39,1.456,1.557,3.277,38.3,39.01,39.049,39.71,39.5
600036,招商银行,2026-02-02,32,38.45,-0.57,1.72,2.533,-0.259,-1.536,0.73,0.67,6.457,0.89,2.873,1,-0.39,2.042,2.04,4.343,38.3,39.235,39.234,40.12,39.56
600036,招商银行,2026-02-02,42,38.45,-0.57,1.72,2.533,-0.259,-1.536,0.73,0.67,6.457,0.89,2.873,1,-0.39,2.185,2.161,4.343,38.3,39.29,39.281,40.12,39.21
000001,平安银行,2026-01-29,1,10.96,1.11,0.0,-0.994,-3.095,-2.664,1.74,0.95,4.933,0.475,1.566,-1,-1.186,-1.186,-1.186,-1.186,10.83,10.83,10.83,10.83,10.83
000001,平安银行,2026-01-29,2,10.96,1.11,0.0,-0.994,-3.095,-2.664,1.74,0.95,4.933,0.475,1.566,-1,-1.186,-1.049,-1.049,-0.912,10.83,10.845,10.845,10.86,10.86
000001,平安银行,2026-01-29,3,10.96,1.11,0.0,-0.994,-3.095,-2.664,1.74,0.95,4.933,0.475,1.566,-1,-1.186,-1.095,-1.064,-0.912,10.83,10.84,10.843,10.86,10.84
000001,平安银行,2026-01-29,5,10.96,1.11,0.0,-0.994,-3.095,-2.664,1.74,0.95,4.933,0.475,1.566,1,-1.186,-0.912,-0.383,1.186,10.83,10.86,10.918,11.09,11.09
000001,平安银行,2026-01-29,10,10.96,1.11,0.0,-0.994,-3.095,-2.664,1.74,0.95,4.933,0.475,1.566,-1,-1.186,0.456,0.182,1.186,10.83,11.01,10.98,11.09,10.96
000001,平安银行,2026-01-29,21,10.96,1.11,0.0,-0.994,-3.095,-2.664,1.74,0.95,4.933,0.475,1.566,-1,-2.281,-0.73,-0.469,1.186,10.71,10.88,10.909,11.09,10.76
000001,平安银行,2026-01-29,32,10.96,1.11,0.0,-0.994,-3.095,-2.664,1.74,0.95,4.933,0.475,1.566,-1,-4.653,-0.684,-0.622,1.186,10.45,10.885,10.892,11.09,10.88
000001,平安银行,2026-01-29,42,10.96,1.11,0.0,-0.994,-3.095,-2.664,1.74,0.95,4.933,0.475,1.566,1,-4.653,-0.319,-0.222,2.828,10.45,10.925,10.936,11.27,11.22
000001,平安银行,2026-01-30,1,10.83,-1.19,-1.005,-2.168,-3.217,-3.562,0.85,0.56,4.874,0.469,1.548,1,0.277,0.277,0.277,0.277,10.86,10.86,10.86,10.86,10.86
000001,平安银行,2026-01-30,2,10.83,-1.19,-1.005,-2.168,-3.217,-3.562,0.85,0.56,4.874,0.469,1.548,1,0.092,0.185,0.185,0.277,10.84,10.85,10.85,10.86,10.84
000001,平安银行,2026-01-30,3,10.83,-1.19,-1.005,-2.168,-3.217,-3.562,0.85,0.56,4.874,0.469,1.548,1,0.092,0.277,0.554,1.293,10.84,10.86,10.89,10.97,10.97
000001,平安银行,2026-01-30,5,10.83,-1.19,-1.005,-2.168,-3.217,-3.562,0.85,0.56,4.874,0.469,1.548,1,0.092,1.293,1.219,2.401,10.84,10.97,10.962,11.09,11.05
000001,平安银行,2026-01-30,10,10.83,-1.19,-1.005,-2.168,-3.217,-3.562,0.85,0.56,4.874,0.469,1.548,1,0.092,1.662,1.459,2.401,10.84,11.01,10.988,11.09,10.91
000001,平安银行,2026-01-30,21,10.83,-1.19,-1.005,-2.168,-3.217,-3.562,0.85,0.56,4.874,0.469,1.548,-1,-1.108,0.462,0.717,2.401,10.71,10.88,10.908,11.09,10.81
000001,平安银行,2026-01-30,32,10.83,-1.19,-1.005,-2.168,-3.217,-3.562,0.85,0.56,4.874,0.469,1.548,1,-3.509,0.6,0.603,2.401,10.45,10.895,10.895,11.09,10.94
000001,平安银行,2026-01-30,42,10.83,-1.19,-1.005,-2.168,-3.217,-3.562,0.85,0.56,4.874,0.469,1.548,1,-3.509,0.97,1.035,4.063,10.45,10.935,10.942,11.27,11.1
000001,平安银行,2026-02-02,1,10.86,0.28,0.185,-1.183,-2.338,-2.949,0.96,0.63,4.888,0.47,1.552,-1,-0.184,-0.184,-0.184,-0.184,10.84,10.84,10.84,10.84,10.84
000001,平安银行,2026-02-02,2,10.86,0.28,0.185,-1.183,-2.338,-2.949,0.96,0.63,4.888,0.47,1.552,1,-0.184,0.414,0.414,1.013,10.84,10.905,10.905,10.97,10.97
000001,平安银行,2026-02-02,3,10.86,0.28,0.185,-1.183,-2.338,-2.949,0.96,0.63,4.888,0.47,1.552,1,-0.184,1.013,0.982,2.118,10.84,10.97,10.967,11.09,11.09
000001,平安银行,2026-02-02,5,10.86,0.28,0.185,-1.183,-2.338,-2.949,0.96,0.63,4.888,0.47,1.552,1,-0.184,1.75,1.326,2.118,10.84,11.05,11.004,11.09,11.07
000001,平安银行,2026-02-02,10,10.86,0.28,0.185,-1.183,-2.338,-2.949,0.96,0.63,4.888,0.47,1.552,1,-0.184,1.381,1.225,2.118,10.84,11.01,10.993,11.09,10.91
000001,平安银行,2026-02-02,21,10.86,0.28,0.185,-1.183,-2.338,-2.949,0.96,0.63,4.888,0.47,1.552,1,-1.381,0.276,0.452,2.118,10.71,10.89,10.909,11.09,10.89
000001,平安银行,2026-02-02,32,10.86,0.28,0.185,-1.183,-2.338,-2.949,0.96,0.63,4.888,0.47,1.552,1,-3.775,0.414,0.348,2.118,10.45,10.905,10.898,11.09,10.94
000001,平安银行,2026-02-02,42,10.86,0.28,0.185,-1.183,-2.338,-2.949,0.96,0.63,4.888,0.47,1.552,1,-3.775,0.737,0.807,3.775,10.45,10.94,10.948,11.27,11.09
000002,万  科Ａ,2026-01-29,1,5.13,5.56,6.432,2.395,5.773,5.992,2.37,6.23,-1.028,0.348,0.215,-1,-4.873,-4.873,-4.873,-4.873,4.88,4.88,4.88,4.88,4.88
000002,万  科Ａ,2026-01-29,2,5.13,5.56,6.432,2.395,5.773,5.992,2.37,6.23,-1.028,0.348,0.215,-1,-8.772,-6.823,-6.823,-4.873,4.68,4.78,4.78,4.88,4.68
000002,万  科Ａ,2026-01-29,3,5.13,5.56,6.432,2.395,5.773,5.992,2.37,6.23,-1.028,0.348,0.215,-1,-8.772,-8.382,-7.342,-4.873,4.68,4.7,4.753,4.88,4.7
000002,万  科Ａ,2026-01-29,5,5.13,5.56,6.432,2.395,5.773,5.992,2.37,6.23,-1.028,0.348,0.215,-1,-8.772,-4.873,-6.277,-4.483,4.68,4.88,4.808,4.9,4.88
000002,万  科Ａ,2026-01-29,10,5.13,5.56,6.432,2.395,5.773,5.992,2.37,6.23,-1.028,0.348,0.215,-1,-8.772,-4.873,-5.458,-3.314,4.68,4.88,4.85,4.96,4.92
000002,万  科Ａ,2026-01-29,21,5.13,5.56,6.432,2.395,5.773,5.992,2.37,6.23,-1.028,0.348,0.215,-1,-9.942,-5.653,-6.108,-2.534,4.62,4.84,4.817,5.0,4.65
000002,万  科Ａ,2026-01-29,32,5.13,5.56,6.432,2.395,5.773,5.992,2.37,6.23,-1.028,0.348,0.215,-1,-21.637,-8.382,-8.175,-2.534,4.02,4.7,4.711,5.0,4.09
000002,万  科Ａ,2026-01-29,42,5.13,5.56,6.432,2.395,5.773,5.992,2.37,6.23,-1.028,0.348,0.215,-1,-25.731,-8.967,-11.585,-2.534,3.81,4.67,4.536,5.0,3.95
000002,万  科Ａ,2026-01-30,1,4.88,-4.87,2.737,-1.414,3.171,0.619,1.18,3.85,-0.978,0.331,0.205,-1,-4.098,-4.098,-4.098,-4.098,4.68,4.68,4.68,4.68,4.68
000002,万  科Ａ,2026-01-30,2,4.88,-4.87,2.737,-1.414,3.171,0.619,1.18,3.85,-0.978,0.331,0.205,-1,-4.098,-3.893,-3.893,-3.689,4.68,4.69,4.69,4.7,4.7
000002,万  科Ａ,2026-01-30,3,4.88,-4.87,2.737,-1.414,3.171,0.619,1.18,3.85,-0.978,0.331,0.205,1,-4.098,-3.689,-2.459,0.41,4.68,4.7,4.76,4.9,4.9
000002,万  科Ａ,2026-01-30,5,4.88,-4.87,2.737,-1.414,3.171,0.619,1.18,3.85,-0.978,0.331,0.205,-1,-4.098,-1.434,-1.762,0.41,4.68,4.81,4.794,4.9,4.81
000002,万  科Ａ,2026-01-30,10,4.88,-4.87,2.737,-1.414,3.171,0.619,1.18,3.85,-0.978,0.331,0.205,1,-4.098,0.102,-0.43,1.844,4.68,4.885,4.859,4.97,4.97
000002,万  科Ａ,2026-01-30,21,4.88,-4.87,2.737,-1.414,3.171,0.619,1.18,3.85,-0.978,0.331,0.205,-1,-5.328,-1.23,-1.503,2.459,4.62,4.82,4.807,5.0,4.67
000002,万  科Ａ,2026-01-30,32,4.88,-4.87,2.737,-1.414,3.171,0.619,1.18,3.85,-0.978,0.331,0.205,-1,-17.623,-3.791,-3.957,2.459,4.02,4.695,4.687,5.0,4.12
000002,万  科Ａ,2026-01-30,42,4.88,-4.87,2.737,-1.414,3.171,0.619,1.18,3.85,-0.978,0.331,0.205,-1,-21.926,-4.406,-7.548,2.459,3.81,4.665,4.512,5.0,3.87
000002,万  科Ａ,2026-02-02,1,4.68,-4.1,-3.704,-5.455,-1.057,-3.505,0.88,3.1,-0.938,0.318,0.196,1,0.427,0.427,0.427,0.427,4.7,4.7,4.7,4.7,4.7
000002,万  科Ａ,2026-02-02,2,4.68,-4.1,-3.704,-5.455,-1.057,-3.505,0.88,3.1,-0.938,0.318,0.196,1,0.427,2.564,2.564,4.701,4.7,4.8,4.8,4.9,4.9
000002,万  科Ａ,2026-02-02,3,4.68,-4.1,-3.704,-5.455,-1.057,-3.505,0.88,3.1,-0.938,0.318,0.196,1,0.427,4.274,3.134,4.701,4.7,4.88,4.827,4.9,4.88
000002,万  科Ａ,2026-02-02,5,4.68,-4.1,-3.704,-5.455,-1.057,-3.505,0.88,3.1,-0.938,0.318,0.196,1,0.427,4.274,3.632,5.983,4.7,4.88,4.85,4.96,4.96
000002,万  科Ａ,2026-02-02,10,4.68,-4.1,-3.704,-5.455,-1.057,-3.505,0.88,3.1,-0.938,0.318,0.196,1,0.427,4.594,4.338,6.197,4.7,4.895,4.883,4.97,4.92
000002,万  科Ａ,2026-02-02,21,4.68,-4.1,-3.704,-5.455,-1.057,-3.505,0.88,3.1,-0.938,0.318,0.196,-1,-1.282,2.991,2.696,6.838,4.62,4.82,4.806,5.0,4.67
000002,万  科Ａ,2026-02-02,32,4.68,-4.1,-3.704,-5.455,-1.057,-3.505,0.88,3.1,-0.938,0.318,0.196,-1,-14.103,0.321,-0.28,6.838,4.02,4.695,4.667,5.0,4.04
000002,万  科Ａ,2026-02-02,42,4.68,-4.1,-3.704,-5.455,-1.057,-3.505,0.88,3.1,-0.938,0.318,0.196,-1,-18.59,-0.427,-3.999,6.838,3.81,4.66,4.493,5.0,3.89
000651,格力电器,2026-01-29,1,38.88,1.43,-0.486,-2.238,-0.664,-1.295,1.26,1.35,6.873,1.508,1.208,-1,-0.463,-0.463,-0.463,-0.463,38.7,38.7,38.7,38.7,38.7
000651,格力电器,2026-01-29,2,38.88,1.43,-0.486,-2.238,-0.664,-1.295,1.26,1.35,6.873,1.508,1.208,-1,-0.874,-0.669,-0.669,-0.463,38.54,38.62,38.62,38.7,38.54
000651,格力电器,2026-01-29,3,38.88,1.43,-0.486,-2.238,-0.664,-1.295,1.26,1.35,6.873,1.508,1.208,-1,-1.337,-0.874,-0.892,-0.463,38.36,38.54,38.533,38.7,38.36
000651,格力电器,2026-01-29,5,38.88,1.43,-0.486,-2.238,-0.664,-1.295,1.26,1.35,6.873,1.508,1.208,1,-1.337,-0.463,-0.514,0.103,38.36,38.7,38.68,38.92,38.92
000651,格力电器,2026-01-29,10,38.88,1.43,-0.486,-2.238,-0.664,-1.295,1.26,1.35,6.873,1.508,1.208,-1,-1.337,-0.566,-0.584,0.103,38.36,38.66,38.653,38.92,38.43
000651,格力电器,2026-01-29,21,38.88,1.43,-0.486,-2.238,-0.664,-1.295,1.26,1.35,6.873,1.508,1.208,-1,-5.118,-1.157,-2.042,0.103,36.89,38.43,38.086,38.92,37.33
000651,格力电器,2026-01-29,32,38.88,1.43,-0.486,-2.238,-0.664,-1.295,1.26,1.35,6.873,1.508,1.208,-1,-5.118,-1.235,-1.951,0.36,36.89,38.4,38.122,39.02,37.6
000651,格力电器,2026-01-29,42,38.88,1.43,-0.486,-2.238,-0.664,-1.295,1.26,1.35,6.873,1.508,1.208,-1,-5.118,-2.315,-2.154,0.36,36.89,37.98,38.042,39.02,37.8
000651,格力电器,2026-01-30,1,38.7,-0.46,-0.54,-2.886,-1.677,-1.702,0.69,0.81,6.842,1.501,1.202,-1,-0.413,-0.413,-0.413,-0.413,38.54,38.54,38.54,38.54,38.54
000651,格力电器,2026-01-30,2,38.7,-0.46,-0.54,-2.886,-1.677,-1.702,0.69,0.81,6.842,1.501,1.202,-1,-0.879,-0.646,-0.646,-0.413,38.36,38.45,38.45,38.54,38.36
000651,格力电器,2026-01-30,3,38.7,-0.46,-0.54,-2.886,-1.677,-1.702,0.69,0.81,6.842,1.501,1.202,1,-0.879,-0.413,-0.276,0.465,38.36,38.54,38.593,38.88,38.88
000651,格力电器,2026-01-30,5,38.7,-0.46,-0.54,-2.886,-1.677,-1.702,0.69,0.81,6.842,1.501,1.202,-1,-0.879,-0.362,-0.124,0.568,38.36,38.56,38.652,38.92,38.56
000651,格力电器,2026-01-30,10,38.7,-0.46,-0.54,-2.886,-1.677,-1.702,0.69,0.81,6.842,1.501,1.202,-1,-0.879,-0.284,-0.207,0.568,38.36,38.59,38.62,38.92,38.37
000651,格力电器,2026-01-30,21,38.7,-0.46,-0.54,-2.886,-1.677,-1.702,0.69,0.81,6.842,1.501,1.202,-1,-4.677,-0.853,-1.704,0.568,36.89,38.37,38.04,38.92,37.74
000651,格力电器,2026-01-30,32,38.7,-0.46,-0.54,-2.886,-1.677,-1.702,0.69,0.81,6.842,1.501,1.202,-1,-4.677,-0.866,-1.541,0.827,36.89,38.365,38.104,39.02,38.13
000651,格力电器,2026-01-30,42,38.7,-0.46,-0.54,-2.886,-1.677,-1.702,0.69,0.81,6.842,1.501,1.202,-1,-4.677,-2.041,-1.784,0.827,36.89,37.91,38.01,39.02,37.32
000651,格力电器,2026-02-02,1,38.54,-0.41,0.548,-2.257,-2.529,-1.959,0.61,0.67,6.813,1.495,1.197,-1,-0.467,-0.467,-0.467,-0.467,38.36,38.36,38.36,38.36,38.36
000651,格力电器,2026-02-02,2,38.54,-0.41,0.548,-2.257,-2.529,-1.959,0.61,0.67,6.813,1.495,1.197,1,-0.467,0.208,0.208,0.882,38.36,38.62,38.62,38.88,38.88
000651,格力电器,2026-02-02,3,38.54,-0.41,0.548,-2.257,-2.529,-1.959,0.61,0.67,6.813,1.495,1.197,1,-0.467,0.882,0.467,0.986,38.36,38.88,38.72,38.92,38.92
000651,格力电器,2026-02-02,5,38.54,-0.41,0.548,-2.257,-2.529,-1.959,0.61,0.67,6.813,1.495,1.197,1,-0.467,0.208,0.332,0.986,38.36,38.62,38.668,38.92,38.62
000651,格力电器,2026-02-02,10,38.54,-0.41,0.548,-2.257,-2.529,-1.959,0.61,0.67,6.813,1.495,1.197,-1,-0.467,0.13,0.179,0.986,38.36,38.59,38.609,38.92,38.43
000651,格力电器,2026-02-02,21,38.54,-0.41,0.548,-2.257,-2.529,-1.959,0.61,0.67,6.813,1.495,1.197,-1,-4.281,-0.467,-1.388,0.986,36.89,38.36,38.005,38.92,37.8
000651,格力电器,2026-02-02,32,38.54,-0.41,0.548,-2.257,-2.529,-1.959,0.61,0.67,6.813,1.495,1.197,-1,-4.281,-0.649,-1.181,1.245,36.89,38.29,38.085,39.02,37.94
000651,格力电器,2026-02-02,42,38.54,-0.41,0.548,-2.257,-2.529,-1.959,0.61,0.67,6.813,1.495,1.197,-1,-4.281,-1.713,-1.451,1.245,36.89,37.88,37.981,39.02,37.34
002415,海康威视,2026-01-29,1,32.2,0.53,-0.34,-1.227,2.908,3.205,1.01,0.84,20.799,3.764,3.19,-1,-2.702,-2.702,-2.702,-2.702,31.33,31.33,31.33,31.33,31.33
002415,海康威视,2026-01-29,2,32.2,0.53,-0.34,-1.227,2.908,3.205,1.01,0.84,20.799,3.764,3.19,-1,-2.702,-2.267,-2.267,-1.832,31.33,31.47,31.47,31.61,31.61
002415,海康威视,2026-01-29,3,32.2,0.53,-0.34,-1.227,2.908,3.205,1.01,0.84,20.799,3.764,3.19,-1,-2.702,-1.832,-1.863,-1.056,31.33,31.61,31.6,31.86,31.86
002415,海康威视,2026-01-29,5,32.2,0.53,-0.34,-1.227,2.908,3.205,1.01,0.84,20.799,3.764,3.19,1,-2.702,-1.056,-1.099,0.932,31.33,31.86,31.846,32.5,32.5
002415,海康威视,2026-01-29,10,32.2,0.53,-0.34,-1.227,2.908,3.205,1.01,0.84,20.799,3.764,3.19,1,-2.702,0.761,0.05,2.05,31.33,32.445,32.216,32.86,32.49
002415,海康威视,2026-01-29,21,32.2,0.53,-0.34,-1.227,2.908,3.205,1.01,0.84,20.799,3.764,3.19,-1,-6.025,-1.056,-1.43,2.05,30.26,31.86,31.74,32.86,31.16
002415,海康威视,2026-01-29,32,32.2,0.53,-0.34,-1.227,2.908,3.205,1.01,0.84,20.799,3.764,3.19,-1,-6.801,-1.755,-1.81,2.05,30.01,31.635,31.617,32.86,30.28
002415,海康威视,2026-01-29,42,32.2,0.53,-0.34,-1.227,2.908,3.205,1.01,0.84,20.799,3.764,3.19,-1,-6.801,-2.717,-2.642,2.05,30.01,31.325,31.349,32.86,30.88
002415,海康威视,2026-01-30,1,31.33,-2.7,-1.787,-2.368,1.065,0.16,0.98,0.79,20.238,3.663,3.104,1,0.894,0.894,0.894,0.894,31.61,31.61,31.61,31.61,31.61
002415,海康威视,2026-01-30,2,31.33,-2.7,-1.787,-2.368,1.065,0.16,0.98,0.79,20.238,3.663,3.104,1,0.894,1.293,1.293,1.692,31.61,31.735,31.735,31.86,31.86
002415,海康威视,2026-01-30,3,31.33,-2.7,-1.787,-2.368,1.065,0.16,0.98,0.79,20.238,3.663,3.104,1,0.894,1.692,1.5,1.915,31.61,31.86,31.8,31.93,31.93
002415,海康威视,2026-01-30,5,31.33,-2.7,-1.787,-2.368,1.065,0.16,0.98,0.79,20.238,3.663,3.104,1,0.894,1.915,2.483,4.181,31.61,31.93,32.108,32.64,32.64
002415,海康威视,2026-01-30,10,31.33,-2.7,-1.787,-2.368,1.065,0.16,0.98,0.79,20.238,3.663,3.104,1,0.894,3.559,3.163,4.883,31.61,32.445,32.321,32.86,32.38
002415,海康威视,2026-01-30,21,31.33,-2.7,-1.787,-2.368,1.065,0.16,0.98,0.79,20.238,3.663,3.104,-1,-3.415,1.692,1.306,4.883,30.26,31.86,31.739,32.86,31.32
002415,海康威视,2026-01-30,32,31.33,-2.7,-1.787,-2.368,1.065,0.16,0.98,0.79,20.238,3.663,3.104,-1,-4.213,0.974,0.862,4.883,30.01,31.635,31.6,32.86,30.78
002415,海康威视,2026-01-30,42,31.33,-2.7,-1.787,-2.368,1.065,0.16,0.98,0.79,20.238,3.663,3.104,-1,-4.213,-0.064,0.018,4.883,30.01,31.31,31.336,32.86,30.76
002415,海康威视,2026-02-02,1,31.61,0.89,-1.311,-1.064,1.935,0.797,0.96,0.77,20.418,3.695,3.131,1,0.791,0.791,0.791,0.791,31.86,31.86,31.86,31.86,31.86
002415,海康威视,2026-02-02,2,31.61,0.89,-1.311,-1.064,1.935,0.797,0.96,0.77,20.418,3.695,3.131,1,0.791,0.902,0.902,1.012,31.86,31.895,31.895,31.93,31.93
002415,海康威视,2026-02-02,3,31.61,0.89,-1.311,-1.064,1.935,0.797,0.96,0.77,20.418,3.695,3.131,1,0.791,1.012,1.54,2.816,31.86,31.93,32.097,32.5,32.5
002415,海康威视,2026-02-02,5,31.61,0.89,-1.311,-1.064,1.935,0.797,0.96,0.77,20.418,3.695,3.131,1,0.791,2.816,2.164,3.258,31.86,32.5,32.294,32.64,32.54
002415,海康威视,2026-02-02,10,31.61,0.89,-1.311,-1.064,1.935,0.797,0.96,0.77,20.418,3.695,3.131,1,0.791,2.642,2.48,3.954,31.86,32.445,32.394,32.86,32.34
002415,海康威视,2026-02-02,21,31.61,0.89,-1.311,-1.064,1.935,0.797,0.96,0.77,20.418,3.695,3.131,1,-4.271,0.791,0.414,3.954,30.26,31.86,31.741,32.86,31.65
002415,海康威视,2026-02-02,32,31.61,0.89,-1.311,-1.064,1.935,0.797,0.96,0.77,20.418,3.695,3.131,-1,-5.062,0.079,-0.154,3.954,30.01,31.635,31.561,32.86,30.37
002415,海康威视,2026-02-02,42,31.61,0.89,-1.311,-1.064,1.935,0.797,0.96,0.77,20.418,3.695,3.131,1,-5.062,-0.949,-0.86,3.954,30.01,31.31,31.338,32.86,31.71
300750,宁德时代,2026-01-29,1,341.89,0.56,-0.047,-2.264,-3.353,-3.874,0.88,0.8,24.465,4.965,4.042,1,2.372,2.372,2.372,2.372,350.0,350.0,350.0,350.0,350.0
300750,宁德时代,2026-01-29,2,341.89,0.56,-0.047,-2.264,-3.353,-3.874,0.88,0.8,24.465,4.965,4.042,1,2.074,2.223,2.223,2.372,348.98,349.49,349.49,350.0,348.98
300750,宁德时代,2026-01-29,3,341.89,0.56,-0.047,-2.264,-3.353,-3.874,0.88,0.8,24.465,4.965,4.042,1,1.761,2.074,2.069,2.372,347.91,348.98,348.963,350.0,347.91
300750,宁德时代,2026-01-29,5,341.89,0.56,-0.047,-2.264,-3.353,-3.874,0.88,0.8,24.465,4.965,4.042,1,1.761,2.372,3.826,6.768,347.91,350.0,354.972,365.03,362.94
300750,宁德时代,2026-01-29,10,341.89,0.56,-0.047,-2.264,-3.353,-3.874,0.88,0.8,24.465,4.965,4.042,1,1.761,6.759,5.93,9.939,347.91,365.0,362.163,375.87,375.87
300750,宁德时代,2026-01-29,21,341.89,0.56,-0.047,-2.264,-3.353,-3.874,0.88,0.8,24.465,4.965,4.042,1,-0.875,4.566,4.25,9.939,338.9,357.5,356.42,375.87,357.5
300750,宁德时代,2026-01-29,32,341.89,0.56,-0.047,-2.264,-3.353,-3.874,0.88,0.8,24.465,4.965,4.042,1,-0.875,6.814,8.572,20.799,338.9,365.185,371.198,413.0,396.99
300750,宁德时代,2026-01-29,42,341.89,0.56,-0.047,-2.264,-3.353,-3.874,0.88,0.8,24.465,4.965,4.042,1,-0.875,10.002,10.581,21.729,338.9,376.085,378.065,416.18,391.3
300750,宁德时代,2026-01-30,1,350.0,2.37,3.123,1.215,-0.658,-1.356,1.35,1.14,25.045,5.083,4.138,-1,-0.291,-0.291,-0.291,-0.291,348.98,348.98,348.98,348.98,348.98
300750,宁德时代,2026-01-30,2,350.0,2.37,3.123,1.215,-0.658,-1.356,1.35,1.14,25.045,5.083,4.138,-1,-0.597,-0.444,-0.444,-0.291,347.91,348.445,348.445,348.98,347.91
300750,宁德时代,2026-01-30,3,350.0,2.37,3.123,1.215,-0.658,-1.356,1.35,1.14,25.045,5.083,4.138,1,-0.597,-0.291,1.135,4.294,347.91,348.98,353.973,365.03,365.03
300750,宁德时代,2026-01-30,5,350.0,2.37,3.123,1.215,-0.658,-1.356,1.35,1.14,25.045,5.083,4.138,1,-0.597,3.697,2.513,5.46,347.91,362.94,358.794,369.11,369.11
300750,宁德时代,2026-01-30,10,350.0,2.37,3.123,1.215,-0.658,-1.356,1.35,1.14,25.045,5.083,4.138,1,-0.597,4.339,3.913,7.391,347.91,365.185,363.697,375.87,365.34
300750,宁德时代,2026-01-30,21,350.0,2.37,3.123,1.215,-0.658,-1.356,1.35,1.14,25.045,5.083,4.138,1,-3.171,3.414,2.192,7.514,338.9,361.95,357.672,376.3,376.3
300750,宁德时代,2026-01-30,32,350.0,2.37,3.123,1.215,-0.658,-1.356,1.35,1.14,25.045,5.083,4.138,1,-3.171,4.763,6.483,18.0,338.9,366.67,372.692,413.0,397.81
300750,宁德时代,2026-01-30,42,350.0,2.37,3.123,1.215,-0.658,-1.356,1.35,1.14,25.045,5.083,4.138,1,-3.171,8.699,8.291,18.909,338.9,380.445,379.017,416.18,389.99
300750,宁德时代,2026-02-02,1,348.98,-0.29,2.644,0.571,0.023,-1.245,1.01,0.92,24.972,5.068,4.126,-1,-0.307,-0.307,-0.307,-0.307,347.91,347.91,347.91,347.91,347.91
300750,宁德时代,2026-02-02,2,348.98,-0.29,2.644,0.571,0.023,-1.245,1.01,0.92,24.972,5.068,4.126,1,-0.307,2.146,2.146,4.599,347.91,356.47,356.47,365.03,365.03
300750,宁德时代,2026-02-02,3,348.98,-0.29,2.644,0.571,0.023,-1.245,1.01,0.92,24.972,5.068,4.126,1,-0.307,4.0,2.764,4.599,347.91,362.94,358.627,365.03,362.94
300750,宁德时代,2026-02-02,5,348.98,-0.29,2.644,0.571,0.023,-1.245,1.01,0.92,24.972,5.068,4.126,1,-0.307,4.599,3.949,5.768,347.91,365.03,362.762,369.11,368.82
300750,宁德时代,2026-02-02,10,348.98,-0.29,2.644,0.571,0.023,-1.245,1.01,0.92,24.972,5.068,4.126,1,-0.307,4.644,4.589,7.705,347.91,365.185,364.994,375.87,361.95
300750,宁德时代,2026-02-02,21,348.98,-0.29,2.644,0.571,0.023,-1.245,1.01,0.92,24.972,5.068,4.126,1,-2.888,3.782,3.143,13.703,338.9,362.18,359.95,396.8,396.8
300750,宁德时代,2026-02-02,32,348.98,-0.29,2.644,0.571,0.023,-1.245,1.01,0.92,24.972,5.068,4.126,1,-2.888,5.568,7.274,18.345,338.9,368.41,374.364,413.0,402.5
300750,宁德时代,2026-02-02,42,348.98,-0.29,2.644,0.571,0.023,-1.245,1.01,0.92,24.972,5.068,4.126,1,-2.888,10.472,9.064,19.256,338.9,385.525,380.613,416.18,416.0
600276,恒瑞医药,2026-01-29,1,58.11,2.76,-0.086,-3.311,-8.01,-5.065,1.59,1.78,51.645,6.482,12.448,1,0.086,0.086,0.086,0.086,58.16,58.16,58.16,58.16,58.16
600276,恒瑞医药,2026-01-29,2,58.11,2.76,-0.086,-3.311,-8.01,-5.065,1.59,1.78,51.645,6.482,12.448,-1,-2.788,-1.351,-1.351,0.086,56.49,57.325,57.325,58.16,56.49
600276,恒瑞医药,2026-01-29,3,58.11,2.76,-0.086,-3.311,-8.01,-5.065,1.59,1.78,51.645,6.482,12.448,-1,-2.788,-1.101,-1.268,0.086,56.49,57.47,57.373,58.16,57.47
600276,恒瑞医药,2026-01-29,5,58.11,2.76,-0.086,-3.311,-8.01,-5.065,1.59,1.78,51.645,6.482,12.448,1,-2.788,-0.878,-0.919,0.086,56.49,57.6,57.576,58.16,58.16
600276,恒瑞医药,2026-01-29,10,58.11,2.76,-0.086,-3.311,-8.01,-5.065,1.59,1.78,51.645,6.482,12.448,1,-2.788,-0.396,-0.416,1.359,56.49,57.88,57.868,58.9,58.74
600276,恒瑞医药,2026-01-29,21,58.11,2.76,-0.086,-3.311,-8.01,-5.065,1.59,1.78,51.645,6.482,12.448,-1,-8.828,-1.136,-2.368,1.359,52.98,57.45,56.734,58.9,54.94
600276,恒瑞医药,2026-01-29,32,58.11,2.76,-0.086,-3.311,-8.01,-5.065,1.59,1.78,51.645,6.482,12.448,-1,-9.172,-2.736,-3.171,1.359,52.78,56.52,56.267,58.9,53.64
600276,恒瑞医药,2026-01-29,42,58.11,2.76,-0.086,-3.311,-8.01,-5.065,1.59,1.78,51.645,6.482,12.448,-1,-11.151,-3.046,-3.406,1.359,51.63,56.34,56.131,58.9,57.45
600276,恒瑞医药,2026-01-30,1,58.16,0.09,1.678,-2.153,-6.103,-4.874,1.02,1.34,51.689,6.487,12.459,-1,-2.871,-2.871,-2.871,-2.871,56.49,56.49,56.49,56.49,56.49
600276,恒瑞医药,2026-01-30,2,58.16,0.09,1.678,-2.153,-6.103,-4.874,1.02,1.34,51.689,6.487,12.459,-1,-2.871,-2.029,-2.029,-1.186,56.49,56.98,56.98,57.47,57.47
600276,恒瑞医药,2026-01-30,3,58.16,0.09,1.678,-2.153,-6.103,-4.874,1.02,1.34,51.689,6.487,12.459,-1,-2.871,-1.186,-1.674,-0.963,56.49,57.47,57.187,57.6,57.6
600276,恒瑞医药,2026-01-30,5,58.16,0.09,1.678,-2.153,-6.103,-4.874,1.02,1.34,51.689,6.487,12.459,-1,-2.871,-1.186,-1.296,0.0,56.49,57.47,57.406,58.16,57.31
600276,恒瑞医药,2026-01-30,10,58.16,0.09,1.678,-2.153,-6.103,-4.874,1.02,1.34,51.689,6.487,12.459,1,-2.871,-0.481,-0.49,1.272,56.49,57.88,57.875,58.9,58.23
600276,恒瑞医药,2026-01-30,21,58.16,0.09,1.678,-2.153,-6.103,-4.874,1.02,1.34,51.689,6.487,12.459,-1,-8.906,-1.461,-2.584,1.272,52.98,57.31,56.657,58.9,56.55
600276,恒瑞医药,2026-01-30,32,58.16,0.09,1.678,-2.153,-6.103,-4.874,1.02,1.34,51.689,6.487,12.459,-1,-9.25,-3.035,-3.473,1.272,52.78,56.395,56.14,58.9,54.1
600276,恒瑞医药,2026-01-30,42,58.16,0.09,1.678,-2.153,-6.103,-4.874,1.02,1.34,51.689,6.487,12.459,-1,-11.228,-3.129,-3.538,1.272,51.63,56.34,56.102,58.9,56.96
600276,恒瑞医药,2026-02-02,1,56.49,-2.87,-0.106,-4.238,-7.575,-7.104,0.72,0.96,50.205,6.301,12.101,1,1.735,1.735,1.735,1.735,57.47,57.47,57.47,57.47,57.47
600276,恒瑞医药,2026-02-02,2,56.49,-2.87,-0.106,-4.238,-7.575,-7.104,0.72,0.96,50.205,6.301,12.101,1,1.735,1.85,1.85,1.965,57.47,57.535,57.535,57.6,57.6
600276,恒瑞医药,2026-02-02,3,56.49,-2.87,-0.106,-4.238,-7.575,-7.104,0.72,0.96,50.205,6.301,12.101,1,1.735,1.965,2.219,2.956,57.47,57.6,57.743,58.16,58.16
600276,恒瑞医药,2026-02-02,5,56.49,-2.87,-0.106,-4.238,-7.575,-7.104,0.72,0.96,50.205,6.301,12.101,1,1.452,1.735,1.961,2.956,57.31,57.47,57.598,58.16,57.45
600276,恒瑞医药,2026-02-02,10,56.49,-2.87,-0.106,-4.238,-7.575,-7.104,0.72,0.96,50.205,6.301,12.101,1,1.452,2.824,2.721,4.266,57.31,58.085,58.027,58.9,58.01
600276,恒瑞医药,2026-02-02,21,56.49,-2.87,-0.106,-4.238,-7.575,-7.104,0.72,0.96,50.205,6.301,12.101,-1,-6.213,1.452,0.24,4.266,52.98,57.31,56.626,58.9,55.83
600276,恒瑞医药,2026-02-02,32,56.49,-2.87,-0.106,-4.238,-7.575,-7.104,0.72,0.96,50.205,6.301,12.101,-1,-8.603,-0.584,-0.888,4.266,51.63,56.16,55.988,58.9,51.63
600276,恒瑞医药,2026-02-02,42,56.49,-2.87,-0.106,-4.238,-7.575,-7.104,0.72,0.96,50.205,6.301,12.101,1,-8.603,-0.266,-0.663,4.266,51.63,56.34,56.116,58.9,57.06
